brand,model,year,price_per_day,location,fuel_type,transmission_type,number_of_seats,engine_size,battery_range,color,body_type,shipping_available,owner_username
Kia,Sportage,2023,69.49,Aqaba,Hybrid,Automatic,5,2.1,,Blue,Truck,True,office_admin1
Ford,Focus,2020,30.45,Irbid,Electric,Automatic,4,1.5,,Blue,Sedan,True,office_admin2
Ford,Focus,2019,50.34,Zarqa,Hybrid,Automatic,7,2.1,405.0,Blue,Truck,True,office_admin1
Kia,Sportage,2023,38.97,Zarqa,Electric,Automatic,7,1.3,422.0,White,Hatchback,False,office_admin2
Tesla,Model 3,2022,39.95,Amman,Diesel,Manual,5,3.2,,White,Truck,False,office_admin1
Chevrolet,Cruze,2018,44.36,Amman,Hybrid,Automatic,7,3.4,,Black,Truck,True,office_admin2
BMW,X3,2020,69.47,Aqaba,Hybrid,Automatic,4,3.4,405.0,White,Truck,False,office_admin1
Hyundai,Elantra,2021,69.97,Amman,Hybrid,Automatic,5,2.2,,Black,Sedan,True,office_admin2
Toyota,Corolla,2021,60.62,Irbid,Hybrid,Manual,7,3.3,337.0,Black,SUV,False,office_admin1
Chevrolet,Cruze,2020,34.53,Irbid,Electric,Manual,4,1.7,335.0,Blue,Hatchback,True,office_admin2
Toyota,Corolla,2021,38.76,Aqaba,Petrol,Manual,4,2.2,308.0,Green,Truck,True,office_admin1
Toyota,Corolla,2018,61.72,Aqaba,Diesel,Manual,7,1.7,278.0,Red,SUV,True,office_admin2
BMW,X3,2021,51.04,Aqaba,Hybrid,Manual,5,2.1,,White,Hatchback,True,office_admin1
Ford,Focus,2024,37.03,Irbid,Petrol,Manual,7,1.8,236.0,Silver,Sedan,False,office_admin2
Tesla,Model 3,2024,59.9,Amman,Petrol,Automatic,4,1.6,,Silver,Sedan,True,office_admin1
BMW,X3,2021,67.95,Amman,Electric,Manual,7,1.6,257.0,Red,Sedan,True,office_admin2
Mazda,CX-5,2023,65.77,Aqaba,Petrol,Manual,4,3.0,448.0,Green,Truck,True,office_admin1
Kia,Sportage,2023,40.16,Amman,Diesel,Automatic,7,1.7,364.0,Gray,Truck,True,office_admin2
Toyota,Corolla,2021,30.64,Irbid,Hybrid,Manual,5,2.9,275.0,Black,Sedan,False,office_admin1
Hyundai,Elantra,2023,36.92,Amman,Hybrid,Manual,4,2.2,279.0,Red,Hatchback,True,office_admin2
Chevrolet,Cruze,2024,69.74,Irbid,Hybrid,Automatic,7,2.7,,Red,Truck,False,office_admin1
Tesla,Model 3,2024,28.92,Zarqa,Hybrid,Automatic,7,2.7,,Black,SUV,True,office_admin2
Tesla,Model 3,2023,35.01,Irbid,Hybrid,Manual,7,1.7,290.0,Black,SUV,True,office_admin1
Nissan,Altima,2022,34.1,Amman,Electric,Automatic,7,2.9,,Black,Convertible,True,office_admin2
Mazda,CX-5,2019,63.22,Zarqa,Petrol,Automatic,4,1.5,408.0,Blue,Sedan,True,office_admin1
Ford,Focus,2020,42.3,Amman,Hybrid,Manual,7,1.6,263.0,Silver,Truck,True,office_admin2
Tesla,Model 3,2020,24.04,Zarqa,Hybrid,Automatic,5,3.1,280.0,Red,Sedan,True,office_admin1
Ford,Focus,2024,65.19,Amman,Hybrid,Manual,4,2.1,339.0,Red,Truck,False,office_admin2
Kia,Sportage,2022,43.13,Aqaba,Electric,Manual,7,2.3,288.0,Gray,Convertible,True,office_admin1
Nissan,Altima,2020,56.7,Irbid,Electric,Automatic,4,1.8,,Gray,Van,False,office_admin2
Tesla,Model 3,2024,69.33,Aqaba,Diesel,Manual,5,3.0,,Red,SUV,False,office_admin1
Tesla,Model 3,2022,42.28,Aqaba,Hybrid,Automatic,7,1.3,,White,Sedan,False,office_admin2
Hyundai,Elantra,2021,25.7,Zarqa,Diesel,Manual,7,2.7,,Silver,Convertible,True,office_admin1
Audi,A4,2019,43.9,Amman,Hybrid,Manual,5,1.5,,White,Van,False,office_admin2
Chevrolet,Cruze,2019,38.26,Irbid,Hybrid,Manual,7,3.3,,Gray,SUV,True,office_admin1
Ford,Focus,2023,40.87,Aqaba,Diesel,Automatic,4,2.2,430.0,Silver,Van,True,office_admin2
BMW,X3,2019,42.91,Amman,Hybrid,Manual,5,3.4,,Silver,SUV,False,office_admin1
Chevrolet,Cruze,2019,25.62,Aqaba,Electric,Automatic,7,2.0,300.0,White,Sedan,True,office_admin2
Chevrolet,Cruze,2022,36.28,Irbid,Diesel,Automatic,4,2.1,,Red,SUV,True,office_admin1
Ford,Focus,2023,40.66,Zarqa,Diesel,Automatic,4,2.0,342.0,Red,Convertible,False,office_admin2
Audi,A4,2020,30.5,Aqaba,Electric,Manual,5,2.1,,Black,Hatchback,False,office_admin1
Chevrolet,Cruze,2020,25.95,Zarqa,Petrol,Automatic,4,3.4,231.0,White,Truck,False,office_admin2
Ford,Focus,2020,39.08,Zarqa,Diesel,Automatic,5,2.5,,Silver,Truck,False,office_admin1
Nissan,Altima,2024,22.52,Zarqa,Electric,Manual,5,3.1,185.0,Gray,Truck,False,office_admin2
Audi,A4,2022,58.68,Amman,Hybrid,Automatic,5,3.3,437.0,White,SUV,True,office_admin1
Chevrolet,Cruze,2021,49.88,Aqaba,Petrol,Automatic,4,2.8,,Silver,Hatchback,False,office_admin2
Chevrolet,Cruze,2022,22.18,Aqaba,Hybrid,Manual,7,1.6,,Black,Truck,True,office_admin1
Tesla,Model 3,2024,54.56,Zarqa,Petrol,Automatic,5,2.5,168.0,Red,Hatchback,False,office_admin2
Nissan,Altima,2021,52.93,Aqaba,Diesel,Automatic,7,1.2,289.0,Gray,Van,False,office_admin1
Ford,Focus,2018,44.8,Zarqa,Petrol,Automatic,4,1.3,428.0,White,Van,False,office_admin2
